<beans xmlns="http://www.springframework.org/schema/beans"
       xmlns:xsi="http://www.w3.org/2001/XMLSchema-instance"
       xmlns:jaxrs="http://cxf.apache.org/jaxrs"
       xmlns:cxf="http://camel.apache.org/schema/cxf"
       xmlns:context="http://www.springframework.org/schema/context"
       xsi:schemaLocation="http://www.springframework.org/schema/beans http://www.springframework.org/schema/beans/spring-beans.xsd
                            http://cxf.apache.org/jaxrs http://cxf.apache.org/schemas/jaxrs.xsd http://camel.apache.org/schema/cxf http://camel.apache.org/schema/cxf/camel-cxf.xsd
                            http://www.springframework.org/schema/context http://www.springframework.org/schema/context/spring-context.xsd">

  <context:component-scan base-package="com.ihg.atp.crs.reservations.api"/>
  <context:component-scan base-package="com.ihg.atp.crs.reservations.routes.rest.reservation"/>
  <context:component-scan base-package="com.ihg.atp.crs.reservations.processors.rest.reservation"/>
  <context:component-scan base-package="com.ihg.atp.crs.reservations.reservation.dataaccess.dao"/>
  <context:component-scan base-package="com.ihg.atp.crs.reservations.interceptors"/>
  <context:component-scan base-package="com.ihg.atp.util.interceptor.rest"/>


    <bean id="cors-filter" class="org.apache.cxf.rs.security.cors.CrossOriginResourceSharingFilter"/>

    <cxf:rsServer
            id="reservationRestService"
            address="http://0.0.0.0:8281/reservations/v1">
        <cxf:serviceBeans>
          <ref bean="bookingReservationService"/>
          <ref bean="hotelChainCodeService"/>
        </cxf:serviceBeans>
        <cxf:providers>
            <ref bean="cors-filter"/>
            <ref bean="jsonProvider"/>
            <ref bean="ihgHeaderRequestInterceptor"/>
        </cxf:providers>
    </cxf:rsServer>

  <jaxrs:server serviceName="cxfHotelReservationService"
                address="camel://direct:hotelReservationService">
    <jaxrs:serviceBeans>
      <ref bean="hotelReservationService"/>
    </jaxrs:serviceBeans>
    <jaxrs:inInterceptors>
      <ref bean="restLoggingInInterceptor"/>
    </jaxrs:inInterceptors>
    <jaxrs:outInterceptors>
      <ref bean="restLoggingOutInterceptor"/>
    </jaxrs:outInterceptors>
    <jaxrs:providers>
      <ref bean="cors-filter"/>
      <ref bean="jsonProvider"/>
      <ref bean="invalidRequestExceptionInterceptor"/>
      <ref bean="validationExceptionInterceptor"/>
      <ref bean="notAuthorizedExceptionInterceptor"/>
      <ref bean="baseRuntimeExceptionInterceptor"/>
      <ref bean="soapEndpointExceptionInterceptor"/>
      <ref bean="notFoundExceptionInterceptor"/>
      <ref bean="unprocessableEntityExceptionInterceptor"/>
      <ref bean="ihgHeaderRequestInterceptor"/>
      <ref bean="jsonMappingExceptionInterceptor"/>
      <ref bean="defaultHeadersInterceptor"/>
    </jaxrs:providers>
  </jaxrs:server>


  <jaxrs:server serviceName="cxfBusinessRewardReservationService"
                address="camel://direct:businessRewardReservationService">
    <jaxrs:serviceBeans>
      <ref bean="businessRewardReservationService"/>
    </jaxrs:serviceBeans>
    <jaxrs:inInterceptors>
      <ref bean="restLoggingInInterceptor"/>
    </jaxrs:inInterceptors>
    <jaxrs:outInterceptors>
      <ref bean="restLoggingOutInterceptor"/>
    </jaxrs:outInterceptors>
    <jaxrs:providers>
      <ref bean="cors-filter"/>
      <ref bean="jsonProvider"/>
      <ref bean="validationExceptionInterceptor"/>
      <ref bean="notAuthorizedExceptionInterceptor"/>
      <ref bean="baseRuntimeExceptionInterceptor"/>
      <ref bean="soapEndpointExceptionInterceptor"/>
      <ref bean="unprocessableEntityExceptionInterceptor"/>
      <ref bean="ihgHeaderRequestInterceptor"/>
      <ref bean="jsonMappingExceptionInterceptor"/>

    </jaxrs:providers>
  </jaxrs:server>

  <jaxrs:server serviceName="cxfStayPreferencesService" address="camel://direct:stayPreferencesService">
    <jaxrs:serviceBeans>
      <ref bean="stayPreferencesService"/>
    </jaxrs:serviceBeans>
    <jaxrs:inInterceptors>
      <ref bean="restLoggingInInterceptor"/>
    </jaxrs:inInterceptors>
    <jaxrs:outInterceptors>
      <ref bean="restLoggingOutInterceptor"/>
    </jaxrs:outInterceptors>
    <jaxrs:providers>
      <ref bean="cors-filter"/>
      <ref bean="jsonProvider"/>
      <ref bean="validationExceptionInterceptor"/>
      <ref bean="baseRuntimeExceptionInterceptor"/>
      <ref bean="serviceCallExceptionInterceptor" />
      <ref bean="notFoundExceptionInterceptor"/>
      <ref bean="ihgHeaderRequestInterceptor"/>
      <ref bean="jsonMappingExceptionInterceptor"/>
    </jaxrs:providers>
  </jaxrs:server>

  <cxf:rsServer id="ancillaryReservation" address="camel://direct:cxfAncillaryReservationCall"
                serviceClass="com.ihg.atp.crs.reservations.api.AncillaryReservationService"
                loggingFeatureEnabled="true" loggingSizeLimit="20" skipFaultLogging="true">
    <cxf:providers>
      <ref bean="jsonProvider"/>
      <ref bean="ihgHeaderRequestInterceptor"/>
    </cxf:providers>
  </cxf:rsServer>

  <cxf:rsServer
          id="carService"
          address="camel://direct:cxfCarReservationCall"
          serviceClass="com.ihg.atp.crs.reservations.api.CarService">
    <cxf:providers>
      <!-- Add CORS filter to cxf endpoint -->
      <ref bean="cors-filter"/>
      <ref bean="jsonProvider"/>
      <ref bean="ihgHeaderRequestInterceptor"/>
    </cxf:providers>
  </cxf:rsServer>

  <cxf:rsServer
      id="synchronizationService"
      address="camel://direct:synchronizationService"
      serviceClass="com.ihg.atp.crs.reservations.api.SynchronizationService">
    <cxf:providers>
      <!-- Add CORS filter to cxf endpoint -->
      <ref bean="cors-filter"/>
      <ref bean="jsonProvider"/>
      <ref bean="ihgHeaderRequestInterceptor"/>
    </cxf:providers>
  </cxf:rsServer>

    <bean id="executor" class="org.springframework.scheduling.concurrent.ThreadPoolTaskExecutor" destroy-method="destroy">
        <property name="corePoolSize" value="${thread.pool.size.common}"/>
        <property name="maxPoolSize" value="${thread.pool.size.max}"/>
    </bean>
</beans>
