<?xml version="1.0" encoding="UTF-8"?>
<beans xmlns="http://www.springframework.org/schema/beans"
       xmlns:xsi="http://www.w3.org/2001/XMLSchema-instance"
       xmlns:cxf="http://camel.apache.org/schema/cxf"
       xmlns:http="http://cxf.apache.org/transports/http/configuration"
       xmlns:httpj="http://cxf.apache.org/transports/http-jetty/configuration"
       xmlns:camel="http://camel.apache.org/schema/spring"
       xmlns:util="http://www.springframework.org/schema/util"
       xsi:schemaLocation="http://www.springframework.org/schema/beans http://www.springframework.org/schema/beans/spring-beans.xsd
        http://camel.apache.org/schema/spring http://camel.apache.org/schema/spring/camel-spring.xsd  http://camel.apache.org/schema/cxf http://camel.apache.org/schema/cxf/camel-cxf.xsd
        http://www.springframework.org/schema/util http://www.springframework.org/schema/util/spring-util.xsd
        http://cxf.apache.org/transports/http/configuration http://cxf.apache.org/schemas/configuration/http-conf.xsd
        http://cxf.apache.org/transports/http-jetty/configuration http://cxf.apache.org/schemas/configuration/http-jetty.xsd">

  <bean id="cors-filter" class="org.apache.cxf.rs.security.cors.CrossOriginResourceSharingFilter"/>

  <httpj:engine-factory bus="cxf">
    <httpj:engine port="${http.rest.server.endpoint.port}">
      <httpj:threadingParameters minThreads="${camel.poolSize}"
                                 maxThreads="${camel.maxPoolSize}"/>
    </httpj:engine>
  </httpj:engine-factory>

  <cxf:rsServer
    bus="cxf"
    id="availabilityService"
    address="http://0.0.0.0:8281/availability/v1"
    serviceClass="com.ihg.enterprise.crs.availability.service.availability.property.AvailabilityService">
    <cxf:providers>
      <!-- Add CORS filter to cxf endpoint -->
      <ref bean="cors-filter"/>
      <ref bean="jsonProvider"/>
      <ref bean="ihgHeaderRequestInterceptor"/>
    </cxf:providers>
  </cxf:rsServer>

  <cxf:rsServer
    bus="cxf"
    id="rateCategoryService"
    address="http://0.0.0.0:8281/offer/">
	  <cxf:serviceBeans>
		  <bean autowire="byType" class="com.ihg.enterprise.crs.availability.service.offer.OfferService"/>
          <bean autowire="byType" class="com.ihg.enterprise.crs.availability.service.ratecategory.RateCategoryService"/>
	  </cxf:serviceBeans>
    <cxf:providers>
      <!-- Add CORS filter to cxf endpoint -->
      <ref bean="cors-filter"/>
      <ref bean="jsonProvider"/>
      <ref bean="ihgHeaderRequestInterceptor"/>
    </cxf:providers>
  </cxf:rsServer>

  <cxf:rsServer
    bus="cxf"
    id="groupService"
    address="http://0.0.0.0:8281/groups/v1"
    serviceClass="com.ihg.enterprise.crs.availability.service.group.GroupService">
    <cxf:providers>
      <ref bean="cors-filter"/>
      <ref bean="jsonProvider"/>
      <ref bean="ihgHeaderRequestInterceptor"/>
    </cxf:providers>
  </cxf:rsServer>

  <cxf:rsServer
    bus="cxf"
    id="inventoryRestService"
    address="http://0.0.0.0:8281/inventory/v1"
    serviceClass="com.ihg.enterprise.crs.availability.service.inventory.InventoryRestService"
    loggingFeatureEnabled="true">
    <cxf:providers>
      <!-- Add CORS filter to cxf endpoint -->
      <ref bean="cors-filter"/>
      <ref bean="jsonProvider"/>
      <ref bean="rateCategoryExceptionHandler"/>
      <ref bean="ihgHeaderRequestInterceptor"/>
    </cxf:providers>
    <cxf:features>
      <bean class="org.apache.cxf.feature.LoggingFeature"/>
    </cxf:features>
  </cxf:rsServer>

  <cxf:rsServer
    bus="cxf"
    id="pricingService"
    address="http://0.0.0.0:8281/pricing"
    serviceClass="com.ihg.enterprise.crs.availability.service.pricing.PricingService">
    <cxf:providers>
      <!-- Add CORS filter to cxf endpoint -->
      <ref bean="cors-filter"/>
      <ref bean="jsonProvider"/>
      <ref bean="ihgHeaderRequestInterceptor"/>
    </cxf:providers>
  </cxf:rsServer>

  <bean id="saxonFactoryImpl" class="net.sf.saxon.TransformerFactoryImpl"/>

  <bean id="objectMapper" class="com.fasterxml.jackson.databind.ObjectMapper">
    <property name="serializationInclusion" value="NON_NULL"/>
    <property name="dateFormat">
      <bean class="com.fasterxml.jackson.databind.util.ISO8601DateFormat"/>
    </property>
  </bean>

  <bean class="org.springframework.beans.factory.config.MethodInvokingFactoryBean">
    <property name="targetObject" ref="objectMapper"/>
    <property name="targetMethod" value="configure"/>
    <property name="arguments">
      <list>
        <value type="com.fasterxml.jackson.databind.DeserializationFeature">FAIL_ON_UNKNOWN_PROPERTIES</value>
        <value>false</value>
      </list>
    </property>
  </bean>

  <bean id="jsonProvider" class="com.fasterxml.jackson.jaxrs.json.JacksonJaxbJsonProvider">
    <property name="mapper" ref="objectMapper"/>
  </bean>

  <bean id="json-gson" class="org.apache.camel.component.gson.GsonDataFormat">
    <property name="fieldNamingPolicy" value="LOWER_CASE_WITH_UNDERSCORES"/>
  </bean>

  <bean id="json-jackson" class="org.apache.camel.component.jackson.JacksonDataFormat">
    <constructor-arg ref="objectMapper"/>
    <!-- We do not use unmarshalling from json so putting Object here -->
    <constructor-arg type="java.lang.Class" value="java.lang.Object"/>
  </bean>

  <bean id="activeMQUuidGenerator" class="org.apache.camel.impl.ActiveMQUuidGenerator"/>

  <camel:camelContext id="availESBCamelContext"
                      streamCache="true">
    <camel:contextScan/>
    <camel:streamCaching id="cacheConfigId" spoolThreshold="-1"/>

    <camel:threadPoolProfile id="defaultThreadPoolProfile" defaultProfile="true"
                             poolSize="{{camel.poolSize}}"
                             maxPoolSize="{{camel.maxPoolSize}}"
                             maxQueueSize="{{camel.maxQueueSize}}"
                             rejectedPolicy="CallerRuns"/>

    <camel:threadPoolProfile id="IFWireTapES"
                             poolSize="{{if.executorService.poolSize}}"
                             maxPoolSize="{{if.executorService.maximumPoolSize}}"
                             maxQueueSize="{{if.executorService.queueSize}}"
                             rejectedPolicy="Discard"
                             allowCoreThreadTimeOut="false"/>

  </camel:camelContext>

  <bean id="defaultProducerTemplate" class="org.apache.camel.ProducerTemplate"
        factory-bean="availESBCamelContext" factory-method="createProducerTemplate"/>

  <bean id="jaxbContext" class="javax.xml.bind.JAXBContext" factory-method="newInstance">
    <constructor-arg>
      <value type="java.lang.String">com.ihg.atp.schema.crs.reservations.bulkavailability.servicetypes.v1</value>
    </constructor-arg>
  </bean>

  <bean id="xmlInputFactory" class="javax.xml.stream.XMLInputFactory" factory-method="newInstance"/>

  <bean class="org.springframework.beans.factory.config.MethodInvokingFactoryBean">
    <property name="targetObject" ref="xmlInputFactory"/>
    <property name="targetMethod">
      <value>setProperty</value>
    </property>
    <property name="arguments">
      <list>
        <util:constant static-field="javax.xml.stream.XMLInputFactory.IS_SUPPORTING_EXTERNAL_ENTITIES"/>
        <value>false</value>
      </list>
    </property>
  </bean>
</beans>
