<beans xmlns="http://www.springframework.org/schema/beans"
       xmlns:xsi="http://www.w3.org/2001/XMLSchema-instance" xmlns:tx="http://www.springframework.org/schema/tx"
       xmlns:gfe="http://www.springframework.org/schema/gemfire"
       xmlns:jaxrs="http://cxf.apache.org/jaxrs"
       xsi:schemaLocation="http://www.springframework.org/schema/beans http://www.springframework.org/schema/beans/spring-beans.xsd
                           http://www.springframework.org/schema/tx http://www.springframework.org/schema/tx/spring-tx.xsd
                           http://www.springframework.org/schema/gemfire http://www.springframework.org/schema/gemfire/spring-gemfire.xsd
                            http://cxf.apache.org/jaxrs http://cxf.apache.org/schemas/jaxrs.xsd">

  <bean id="rateCatJdbcTemplate" class="org.springframework.jdbc.core.JdbcTemplate">
    <constructor-arg ref="rateCatDatasource"/>
  </bean>

  <bean id="rateCatDatasource" class="oracle.jdbc.pool.OracleDataSource" destroy-method="close">
    <property name="URL" value="${rateCat.jdbc.url}"/>
    <property name="user" value="${rateCat.jdbc.user}"/>
    <property name="password" value="${rateCat.jdbc.password}"/>
  </bean>

  <bean id="rateCatTransactionManager" class="org.springframework.jdbc.datasource.DataSourceTransactionManager">
    <property name="dataSource" ref="rateCatDatasource"/>
    <qualifier value="rateCat"/>
  </bean>

  <!-- Spring transactions -->
  <tx:annotation-driven mode="aspectj" transaction-manager="hsps-gemfire-transaction-manager"/>

  <gfe:client-region id="eusCodeRegion" name="eusCode" statistics="true" cache-ref="hsps-gemfire-cache"
                     shortcut="PROXY" ignore-if-exists="true"/>

  <bean id="eusCodeGemfireTemplate" class="org.springframework.data.gemfire.GemfireTemplate">
    <property name="region" ref="eusCodeRegion"/>
  </bean>

  <gfe:client-region id="rateCatRegion" name="rateCat" statistics="true" cache-ref="hsps-gemfire-cache"
                     shortcut="PROXY" ignore-if-exists="true"/>

  <bean id="rateCatGemfireTemplate" class="org.springframework.data.gemfire.GemfireTemplate">
    <property name="region" ref="rateCatRegion"/>
  </bean>
  <gfe:client-region id="refdataCurrencies" name="refdata_currencies" statistics="true" cache-ref="hsps-gemfire-cache"
                     shortcut="LOCAL" ignore-if-exists="true"/>

  <bean id="сurrenciesGemfireTemplate" class="org.springframework.data.gemfire.GemfireTemplate">
    <property name="region" ref="refdataCurrencies"/>
  </bean>

  <jaxrs:server
    id="ratesService"
    address="http://0.0.0.0:8281/rates/v1">
    <jaxrs:providers>
      <bean class="com.fasterxml.jackson.jaxrs.json.JacksonJaxbJsonProvider">
        <property name="mapper" ref="objectMapper"/>
      </bean>
      <ref bean="rateCategoryExceptionHandler"/>
      <ref bean="notFoundExceptionHandler"/>
      <ref bean="ihgHeaderRequestInterceptor"/>
    </jaxrs:providers>
    <jaxrs:features>
      <bean class="org.apache.cxf.feature.LoggingFeature"/>
    </jaxrs:features>
    <jaxrs:serviceBeans>
      <bean class="com.ihg.enterprise.crs.availability.service.rates.RateService"/>
    </jaxrs:serviceBeans>
  </jaxrs:server>

</beans>
